{
	"class_name" : "PinholeCameraParameters",
	"extrinsic" : 
	[
		0.86497885829800192,
		-0.27775415989821989,
		0.41792846440116915,
		0.0,
		-0.47304580026867749,
		-0.7292426994688086,
		0.49440141193124792,
		0.0,
		0.16744923274130494,
		-0.62534607373092144,
		-0.76216995645569063,
		0.0,
		0.018727491859170886,
		0.098068612220393092,
		29.301350084301347,
		1.0
	],
	"intrinsic" : 
	{
		"height" : 1061,
		"intrinsic_matrix" : 
		[
			918.85295341528945,
			0.0,
			0.0,
			0.0,
			918.85295341528945,
			0.0,
			959.5,
			530.0,
			1.0
		],
		"width" : 1920
	},
	"version_major" : 1,
	"version_minor" : 0
}