{
	"class_name" : "PinholeCameraParameters",
	"extrinsic" : 
	[
		0.69553737920205394,
		0.0043138954448083688,
		0.71847696166184039,
		0.0,
		-0.59162332867013545,
		-0.56397463612438958,
		0.57612016696313573,
		0.0,
		0.4076881051809178,
		-0.82578084266617247,
		-0.38971323916379741,
		0.0,
		-0.021099075629807396,
		-0.034493204653558651,
		2.3143817817820258,
		1.0
	],
	"intrinsic" : 
	{
		"height" : 1061,
		"intrinsic_matrix" : 
		[
			918.85295341528945,
			0.0,
			0.0,
			0.0,
			918.85295341528945,
			0.0,
			959.5,
			530.0,
			1.0
		],
		"width" : 1920
	},
	"version_major" : 1,
	"version_minor" : 0
}