{
	"class_name" : "PinholeCameraParameters",
	"extrinsic" : 
	[
		0.30505175297799192,
		-0.084021852619543314,
		0.94862203025622072,
		0.0,
		-0.92979010977609478,
		0.18918441661835889,
		0.31575244776775524,
		0.0,
		-0.20599461101594868,
		-0.97834021934659876,
		-0.020411649645166903,
		0.0,
		-0.04983349713257134,
		-0.12341543125514939,
		6.6066258257954225,
		1.0
	],
	"intrinsic" : 
	{
		"height" : 1080,
		"intrinsic_matrix" : 
		[
			935.30743608719376,
			0.0,
			0.0,
			0.0,
			935.30743608719376,
			0.0,
			959.5,
			539.5,
			1.0
		],
		"width" : 1920
	},
	"version_major" : 1,
	"version_minor" : 0
}